{
  "project_info": {
    "project_number": "462532468234",
    "project_id": "zonk-fbbb1",
    "storage_bucket": "zonk-fbbb1.appspot.com"
  },
  "client": [
    {
      "client_info": {
        "mobilesdk_app_id": "1:462532468234:android:51f1393a046ce88dd4c9f3",
        "android_client_info": {
          "package_name": "com.geteideas.jonk_lab"
        }
      },
      "oauth_client": [],
      "api_key": [
        {
          "current_key": "AIzaSyBaZWnJ0KrnuL_ile3HbJwrtD_zspXj0Lw"
        }
      ],
      "services": {
        "appinvite_service": {
          "other_platform_oauth_client": []
        }
      }
    },
    {
      "client_info": {
        "mobilesdk_app_id": "1:462532468234:android:d8f2e1b4db06fa8fd4c9f3",
        "android_client_info": {
          "package_name": "com.geteideas.zonk_rider"
        }
      },
      "oauth_client": [],
      "api_key": [
        {
          "current_key": "AIzaSyBaZWnJ0KrnuL_ile3HbJwrtD_zspXj0Lw"
        }
      ],
      "services": {
        "appinvite_service": {
          "other_platform_oauth_client": []
        }
      }
    }
  ],
  "configuration_version": "1"
}